,Unnamed: 0,sample,z,log_l,log_flux
20276,20276,37,0.1620941938140083,43.86084266241951,36.98137706908731
20277,20277,37,0.1555371159587937,43.793203010632546,36.95312256573863
20278,20278,37,0.1662172048896357,43.18533613996813,36.28185743820517
20279,20279,37,0.1366110048766968,43.08921663479718,36.37216867557618
20280,20280,37,0.1207647333932614,43.23428588797185,36.63319454473746
20281,20281,37,0.169595093481716,43.16931622243963,36.246572949225346
20282,20282,37,0.1952769817479733,44.14920117793235,37.090640251545
20283,20283,37,0.1241426219853417,43.15418630032939,36.52722706754275
20284,20284,37,0.1799274585869027,43.10078657523442,36.12125093516959
20285,20285,37,0.1581698820673268,43.94717221798971,37.09109579948925
20286,20286,37,0.1437145058865127,43.04560685930295,36.2806179454563
20287,20287,37,0.1901604740276165,43.15062631865639,36.11774802010399
20288,20288,37,0.1598588263633669,43.28145564513907,36.415247587127105
20289,20289,37,0.1706382649586819,43.42830488915025,36.49968422343619
20290,20290,37,0.1586169555574551,43.19601608498712,36.337248004721864
20291,20291,37,0.1153998515117222,43.331295388561045,36.77272008487619
20292,20292,37,0.1715324119389385,43.111466520253416,36.17783456845757
20293,20293,37,0.1563815881068137,43.406944999112255,36.5617064980048
20294,20294,37,0.1162939984919787,43.25653577342809,36.690747055982776
20295,20295,37,0.1716317616034114,43.81456290067053,36.88037563636508
20296,20296,37,0.1021863461368199,43.262765741355835,36.817416806440555
20297,20297,37,0.1336801897747448,43.28590562223032,36.58931989272288
20298,20298,37,0.1852923404684419,43.425634902895496,36.417792927136134
20299,20299,37,0.1077499273473051,43.066076753922694,36.5714616562128
20300,20300,37,0.1755560733500929,43.08565665312418,36.12976962619028
20301,20301,37,0.1963201532249393,43.695303514625095,36.63158277204921
20302,20302,37,0.1288120562155703,43.15863627742064,36.49698542951919
20303,20303,37,0.1562325636101043,43.53421434392194,36.68988420121651
20304,20304,37,0.1699924921396078,43.0518368272307,36.12685060135091
20305,20305,37,0.1593124032087657,43.75493320764782,36.89199209296763
20306,20306,37,0.1735690800606339,44.45001962930069,37.505062953486046
20307,20307,37,0.1549906928041924,43.2298359108806,36.3931069408876
20308,20308,37,0.1256825417846724,43.33930534732529,36.70077196121685
20309,20309,37,0.1166913971498705,43.28501562681208,36.71603768196621
20310,20310,37,0.1827589240243817,43.93115230046122,36.93658128499031
20311,20311,37,0.137356127360244,43.00466707006347,36.28248233595245
20312,20312,37,0.1898127502019611,43.495054545518954,36.46394477529552
20313,20313,37,0.1826595743599088,43.494164550100706,36.5001174279536
20314,20314,37,0.1098859451334735,43.236955874226595,36.72406168684172
20315,20315,37,0.1327363679622518,43.12392645610891,36.434019680393334
20316,20316,37,0.1434661317253303,43.1363863919644,36.37303601565563
20317,20317,37,0.1715324119389385,43.713993418408336,36.78036146661249
20318,20318,37,0.1872793337579009,43.03492691428396,36.01679335574114
20319,20319,37,0.111823263590696,43.39626505409326,36.8670795651763
20320,20320,37,0.1386476729983923,43.18177615829513,36.450749083558385
20321,20321,37,0.1522585770311863,43.153296304911144,36.333491529975134
20322,20322,37,0.130451325679374,43.34019534274354,36.66664463804421
20323,20323,37,0.167508750527784,43.94272224089846,37.03183511691617
20324,20324,37,0.1617961448205895,43.45411475627948,36.57640697724732
20325,20325,37,0.1461485726660999,43.6917435329521,36.910835345739834
20326,20326,37,0.1651243585804332,43.43453485707799,36.53736669937561
20327,20327,37,0.1502219089094909,43.55201425228693,36.74501074392448
20328,20328,37,0.1489303632713425,43.27611567262958,36.47731411090001
20329,20329,37,0.1404856417911418,44.03884174606941,37.295363161822834
20330,20330,37,0.1671113518698923,43.33663536107054,36.42802208528283
20331,20331,37,0.158716305221928,43.38380511823777,36.52443984944479
20332,20332,37,0.1320905951431776,43.357995251108534,36.67268394919627
20333,20333,37,0.1028321189558941,43.188006126222874,36.73681055481025
20334,20334,37,0.1260302656103277,43.131046419454904,36.48991793434536
20335,20335,37,0.1086440743275616,43.03848689595696,36.53617886529996
20336,20336,37,0.1575737840804891,43.58049410567091,36.728017601106984
20337,20337,37,0.1357168578964403,43.16931622243963,36.458467091871086
20338,20338,37,0.1565306126035232,43.2422958467361,36.396149792496054
20339,20339,37,0.1474897931364848,44.01570186519492,37.22612722806676
20340,20340,37,0.1669126525409464,43.39893504034801,36.491460572291146
20341,20341,37,0.1812686790572875,43.0518368272307,36.06515205414243
20342,20342,37,0.1618954944850624,43.71221342757184,36.833919376222774
20343,20343,37,0.1121213125841148,43.1470663369834,36.615398131499795
20344,20344,37,0.1037262659361506,43.384695113656015,36.9254612241549
20345,20345,37,0.1342762877615825,43.34375532441654,36.642974010915566
20346,20346,37,0.1569776860936514,43.13549639654615,36.286632499489514
20347,20347,37,0.1090414729854534,43.061626776831446,36.55591881559333
20348,20348,37,0.1473407686397753,43.118586483599415,36.329971147175854
20349,20349,37,0.1923958414782578,43.0518368272307,36.007660324369624
20350,20350,37,0.1168404216465799,43.16041626825714,36.590244996475406
20351,20351,37,0.1962704783927028,44.64225863964258,37.57878302737236
20352,20352,37,0.1904088481887988,43.25208579633684,36.217946093720855
20353,20353,37,0.1887695787249952,43.84927272198227,36.82348657646267
20354,20354,37,0.1908559216789271,43.38113513198302,36.34472873232032
20355,20355,37,0.1152011521827763,43.51107446304745,36.95410928034987
20356,20356,37,0.1260302656103277,43.08565665312418,36.444528168014635
20357,20357,37,0.123645873662977,43.15952627283889,36.536329388126525
20358,20358,37,0.1201686354064237,43.34464531983479,36.74818931714379
20359,20359,37,0.1473407686397753,43.89377249289474,37.10515715647118
20360,20360,37,0.1886702290605222,43.02246697842847,35.997189263305195
20361,20361,37,0.1389457219918111,43.34108533816179,36.60802866022644
20362,20362,37,0.1380019001793181,43.02602696010146,36.2994113856551
20363,20363,37,0.1777914408007343,43.29658556724931,36.32853816362448
20364,20364,37,0.1179332679557824,43.46568469671672,36.886805846363266
20365,20365,37,0.1506689823996191,43.61965390407389,36.80982656767405
20366,20366,37,0.1438635303832221,43.07497670810519,36.30900594008734
20367,20367,37,0.1897630753697247,43.09188662105193,36.06102974233405
20368,20368,37,0.1649256592514874,43.30815550768656,36.41213888823785
20369,20369,37,0.1755560733500929,44.669848497608314,37.71396147067441
20370,20370,37,0.1228510763471934,43.21737597502511,36.60022845945051
20371,20371,37,0.195028607586791,43.27255569095658,36.21522704667549
20372,20372,37,0.1467943454851741,43.27611567262958,36.491025531324745
20373,20373,37,0.1800764830836121,43.04204687762996,36.06171445602881
20374,20374,37,0.1966678770505946,43.66682366124111,36.60138860974604
20375,20375,37,0.1644289109291226,43.1452863461469,36.252154221055385
20376,20376,37,0.1643295612646497,43.56002421105117,36.667469956244304
20377,20377,37,0.1211124572189168,43.312605484777805,36.70882010945506
20378,20378,37,0.1536494723338076,43.44699479293348,36.61853904197278
20379,20379,37,0.19011079919538,43.027806950937965,35.995181116057154
20380,20380,37,0.1237452233274499,43.918692364605725,37.29474187676919
20381,20381,37,0.1943331599354803,43.1399463736374,36.086075852430504
20382,20382,37,0.1771456679816601,43.5155244401387,36.55097540967379
20383,20383,37,0.1565802874357596,43.70954344131709,36.8630950480546
20384,20384,37,0.167608100192257,43.372235177800526,36.46078037448665
20385,20385,37,0.1259309159458548,43.203136048333114,36.56274833410174
20386,20386,37,0.1347730360839473,44.33343022951,37.62916588858051
20387,20387,37,0.1428700337384926,43.16219625909364,36.402789203003586
20388,20388,37,0.1531030491792064,44.138521232913355,37.313455346855605
20389,20389,37,0.1941841354387709,43.08565665312418,36.032528646390226
20390,20390,37,0.1514141048831663,43.2422958467361,36.4277794357448
20391,20391,37,0.1657204565672709,43.07497670810519,36.174361642922854
20392,20392,37,0.1275701854096584,43.00110708839048,36.348566144445094
20393,20393,37,0.182162826037544,43.15062631865639,36.15920262790395
20394,20394,37,0.1687506213336959,43.046496854721205,36.12853609902355
20395,20395,37,0.1583189065640362,44.42420976217145,37.56723533754149
20396,20396,37,0.1961711287282299,43.646353766621374,36.583368587018946
20397,20397,37,0.1925945408072037,43.001997083808725,35.956822179309086
20398,20398,37,0.1765495699948224,43.126596442363656,36.16528718726591
20399,20399,37,0.1945815340966627,43.5155244401387,36.460417563692104
20400,20400,37,0.1691480199915877,43.24941581008209,36.32920169715986
20401,20401,37,0.1884218548993398,43.7762930976858,36.75228754304549
20402,20402,37,0.1554874411265572,43.33930534732529,36.499529128672435
20403,20403,37,0.1162939984919787,43.495054545518954,36.92926582807364
20404,20404,37,0.1990522689979454,43.43097487540499,36.35385945391695
20405,20405,37,0.1280669337320232,43.47725463715397,36.82105979840797
20406,20406,37,0.1388960471595747,43.131046419454904,36.398327725979826
20407,20407,37,0.1277192099063679,43.2298359108806,36.57619740002012
20408,20408,37,0.1483342652845048,43.02602696010146,36.23103329946442
20409,20409,37,0.1431680827319115,43.420294930386,36.6589142982008
20410,20410,37,0.1720291602613032,43.29925555350407,36.36285001743848
20411,20411,37,0.1992012934946548,43.64457377578488,36.56673263054049
20412,20412,37,0.1104323682880747,43.115916497344664,36.59840009159239
20413,20413,37,0.1851433159717325,43.27967565430257,36.27260965935524
20414,20414,37,0.1227020518504839,43.099896579816175,36.48388740971728
20415,20415,37,0.1042230142585154,43.448774783769984,36.98510340595211
20416,20416,37,0.1749599753632552,43.81100291899754,36.85838290083365
20417,20417,37,0.1915016944980013,43.65258373454912,36.612911871334255
20418,20418,37,0.129507503866881,44.116271347457115,37.44955484487097
20419,20419,37,0.1487813387746331,44.28092049983328,37.48306957940386
20420,20420,37,0.128464332389915,43.66326367956812,37.00415527786828
20421,20421,37,0.1936377122841697,43.16753623160314,36.11713529238849
20422,20422,37,0.1410817397779795,43.12392645610891,36.37644221749266
20423,20423,37,0.1587659800541645,43.28857560848507,36.42891187581558
20424,20424,37,0.1928925898006226,44.54880912072638,37.50213839811602
20425,20425,37,0.1681545233468582,43.26009575510109,36.345524289169624
20426,20426,37,0.1952769817479733,43.111466520253416,36.052905593866065
20427,20427,37,0.1948795830900815,44.11716134287537,37.06057276431562
20428,20428,37,0.1603058998534952,43.23962586048135,36.37075256423875
20429,20429,37,0.170538915294209,43.543114298104435,36.61505194527029
20430,20430,37,0.1363626307155145,43.6917435329521,36.97641365540019
20431,20431,37,0.1988535696689995,43.80032297397854,36.724175965351755
20432,20432,37,0.1419758867582361,43.75404321222957,37.00058003434571
20433,20433,37,0.1854413649651514,43.7851930518683,36.7765756727818
20434,20434,37,0.1457511740082082,43.512854453883946,36.7345283531551
20435,20435,37,0.1457511740082082,43.25386578717334,36.47553968644449
20436,20436,37,0.1190261142649848,43.5119644584657,36.92445357058757
20437,20437,37,0.1687506213336959,43.786083047286546,36.8681222915889
20438,20438,37,0.1381012498437911,43.21292599793386,36.48563047677897
20439,20439,37,0.1256328669524359,43.17465619494913,36.536494086909514
20440,20440,37,0.1359155572253862,43.20758602542436,36.49535608335255
20441,20441,37,0.1388463723273382,43.38291512281952,36.650534526794175
20442,20442,37,0.1640315122712308,43.02691695551972,36.136098261314075
20443,20443,37,0.1532023988436794,43.67572361542361,36.85004055309508
20444,20444,37,0.1144560296992291,43.07497670810519,36.52407284770623
20445,20445,37,0.1667636280442369,43.07141672643219,36.16479719066878
20446,20446,37,0.1857890887908067,43.11057652483517,36.10015211200323
20447,20447,37,0.1698931424751348,43.40961498536701,36.48518904104162
20448,20448,37,0.19786007302427,43.16753623160314,36.09624473796573
20449,20449,37,0.1182809917814377,43.2262759292076,36.64464239327531
20450,20450,37,0.1880244562414481,44.06109163152565,37.03912476445887
20451,20451,37,0.1641805367679402,43.809222928161034,36.91753608771549
20452,20452,37,0.165521757238325,43.82079286859828,36.92132549105552
20453,20453,37,0.1653230579093791,43.40961498536701,36.511296575977234
20454,20454,37,0.147092394478593,43.85550268991001,37.06848820069282
20455,20455,37,0.14699304481412,43.67483362000536,36.888460175676094
20456,20456,37,0.1744632270408905,44.16255110920609,37.21266149222831
20457,20457,37,0.1090414729854534,43.03314692344746,36.527438962209345
20458,20458,37,0.1710853384488102,43.01445701966422,36.08332767304949
20459,20459,37,0.181318353889524,43.096336598143175,36.10938798444884
20460,20460,37,0.1502715837417274,44.051301681924905,37.24398402841031
20461,20461,37,0.1347730360839473,43.43987482958749,36.735610488658
20462,20462,37,0.1342762877615825,43.27166569553833,36.57088438203736
20463,20463,37,0.1154992011761951,43.346425310671286,36.78704592456683
20464,20464,37,0.1167907468143435,43.770953125176305,37.20117946989127
20465,20465,37,0.1282159582287326,44.051301681924905,37.39401326527849
20466,20466,37,0.104073989761806,43.59740401861765,37.13506178571646
20467,20467,37,0.1405849914556148,43.64368378036663,36.89953648579856
20468,20468,37,0.1450557263568975,43.19156610789587,36.41777450507696
20469,20469,37,0.1991516186624184,43.30548552143181,36.2278862283615
20470,20470,37,0.198903244501236,43.90534243333198,36.82895323770984
20471,20471,37,0.1308983991695023,43.687293555860855,37.01052174962846
20472,20472,37,0.1342266129293461,43.53421434392194,36.83378199601336
20473,20473,37,0.1629883407942648,43.03403691886571,36.14931585103517
20474,20474,37,0.1257322166169089,43.020686987591965,36.38178246103912
20475,20475,37,0.1640315122712308,43.07052673101394,36.1797080368083
20476,20476,37,0.1545436193140641,43.414064962458255,36.58008630021109
20477,20477,37,0.14699304481412,43.368675196127526,36.58230175179826
20478,20478,37,0.188123805905921,44.10915138411112,37.086674471661304
20479,20479,37,0.1885212045638128,43.54756427519568,36.52304967028978
20480,20480,37,0.1987045451722901,43.17287620411263,36.09745609197315
20481,20481,37,0.1354684837352579,43.08832663937893,36.37920618482967
20482,20482,37,0.1924455163104943,43.81456290067053,36.77013670804761
20483,20483,37,0.1669126525409464,43.29925555350407,36.39178108544721
20484,20484,37,0.1712840377777561,43.495054545518954,36.562812181694
20485,20485,37,0.1929919394650955,43.39715504951151,36.34998619573325
20486,20486,37,0.1959227545670475,43.0571767997402,35.99541870679303
20487,20487,37,0.1815170532184699,43.02958694177446,36.04158363473663
20488,20488,37,0.1494271115937073,43.232505897135354,36.43054192305882
20489,20489,37,0.162789641465319,43.220935956698106,36.3373804521602
20490,20490,37,0.1731220065705057,43.520864412648194,36.57838305237084
20491,20491,37,0.1885212045638128,43.47013467380797,36.44562006890207
20492,20492,37,0.1764502203303495,44.260450605213535,37.29968229826799
20493,20493,37,0.1512154055542204,43.835032795290275,37.021764698194275
20494,20494,37,0.1562822384423408,43.331295388561045,36.48666237015409
20495,20495,37,0.1100349696301829,43.334855370234045,36.820698432836295
20496,20496,37,0.1947305585933721,43.520864412648194,36.465016423106
20497,20497,37,0.1165423726531611,43.0607367814132,36.49295359785212
20498,20498,37,0.1703402159652631,44.77130797528876,37.84436315432437
20499,20499,37,0.1914023448335283,43.35176528318079,36.31259513550143
20500,20500,37,0.1565802874357596,43.98099204388319,37.13454365062071
20501,20501,37,0.1866335609388268,44.248880664776294,37.23408074016045
20502,20502,37,0.1868819351000091,43.414064962458255,36.39798160955062
20503,20503,37,0.111723913926223,43.0553968089037,36.52704027769598
20504,20504,37,0.1557358152877395,43.40516500827576,36.56386856216504
20505,20505,37,0.1788842871099367,43.43097487540499,36.45703388781243
20506,20506,37,0.156729311932469,43.6935235237886,36.84616864874466
20507,20507,37,0.167508750527784,43.02513696468321,36.11424984070092
20508,20508,37,0.1715324119389385,43.30459552601357,36.37096357421772
20509,20509,37,0.1260799404425642,44.02638181021392,37.38488314503184
20510,20510,37,0.1557358152877395,44.49807938188616,37.65678293577544
20511,20511,37,0.1059119585545555,43.10612654774392,36.62751569801358
20512,20512,37,0.1258315662813818,43.86618263492901,37.2265362399314
20513,20513,37,0.1647269599225415,43.07942668519644,36.1845628936105
20514,20514,37,0.1698434676428983,43.79587299688729,36.87172730738301
20515,20515,37,0.1253348179590171,43.16130626367539,36.52537472019108
20516,20516,37,0.1835537213401653,44.19904092135432,37.200288227679835
20517,20517,37,0.1519605280377675,43.54845427061393,36.730512849828386
20518,20518,37,0.1945318592644262,43.24941581008209,36.1945560879312
20519,20519,37,0.1534010981726253,43.16397624993014,36.33705995250797
20520,20520,37,0.1258812411136183,43.133716405709656,36.49369928249732
20521,20521,37,0.1837027458368748,43.52976436683069,36.53022947550067
20522,20522,37,0.1693963941527701,43.93560227755247,37.01398231061632
20523,20523,37,0.1533017485081523,43.63567382160238,36.80937395564392
20524,20524,37,0.1502219089094909,43.78252306561355,36.97551955725111
20525,20525,37,0.1259805907780913,43.67928359709661,37.0385254289351
20526,20526,37,0.1486819891101602,44.34500016994724,37.547783503690844
20527,20527,37,0.1061106578835014,43.64012379869363,37.15977017630988
20528,20528,37,0.1638824877745214,43.118586483599415,36.2286366688176
20529,20529,37,0.1929919394650955,43.69797350087985,36.65080464710159
20530,20530,37,0.1862858371131714,43.19245610331412,36.17945563643503
20531,20531,37,0.105961633386792,44.59597887789361,38.11693204582458
20532,20532,37,0.191998442820366,43.232505897135354,36.19032906115217
20533,20533,37,0.1594614277054752,43.171986208694385,36.3081530771846
20534,20534,37,0.131395147491867,43.1363863919644,36.45604764685615
20535,20535,37,0.183305347178983,43.501284513446706,36.503836790166474
20536,20536,37,0.1468440203174106,43.058066795158446,36.27265567627319
20537,20537,37,0.1390947464885206,44.16433110004259,37.43026114586775
20538,20538,37,0.1274708357451855,43.17287620411263,36.521067639432715
20539,20539,37,0.1625412673041366,43.17376619953088,36.29166950998329
20540,20540,37,0.1173868448011812,43.02335697384672,36.44882238332623
20541,20541,37,0.1856400642940973,43.14083636905565,36.13118601560902
20542,20542,37,0.1611006971692788,43.26543572761058,36.39184125058358
20543,20543,37,0.1589646793831104,43.22716592462585,36.36630920445389
20544,20544,37,0.1004974018407798,43.15863627742064,36.728745299061195
20545,20545,37,0.1878257569125022,43.020686987591965,35.999740959813835
20546,20546,37,0.1630876904587378,43.17732618120388,36.29202282687194
20547,20547,37,0.1583189065640362,43.67394362458711,36.81696919995716
20548,20548,37,0.1839511199980571,43.28145564513907,36.280618395690816
20549,20549,37,0.1122703370808243,43.17109621327614,36.638188980060136
20550,20550,37,0.1513147552186933,43.17999616745863,36.36610372249665
20551,20551,37,0.1700421669718442,43.38647510449252,36.46120885179235
20552,20552,37,0.1602065501890223,43.17821617662213,36.3099345576485
20553,20553,37,0.1302029515181916,43.46835468297147,36.79659795005493
20554,20554,37,0.1443106038733504,44.46781953766568,37.698908892768635
20555,20555,37,0.1444099535378233,43.02157698301021,36.252014186661015
20556,20556,37,0.1989529193334724,43.092776616470175,36.01614528972417
20557,20557,37,0.1471917441430659,43.09900658439793,36.31135145399245
20558,20558,37,0.1332331162846166,43.28857560848507,36.5951480731053
20559,20559,37,0.188123805905921,43.02157698301021,35.999100070560395
20560,20560,37,0.1565802874357596,43.31438547561431,36.467937082351824
20561,20561,37,0.158716305221928,44.050411686506656,37.19104641771368
20562,20562,37,0.1678067995212029,43.005557065481725,36.09296784021901
20563,20563,37,0.1716317616034114,43.22360594295286,36.28941867864741
20564,20564,37,0.1712343629455196,43.645463771203126,36.713499549316985
20565,20565,37,0.1071041545282309,43.084766657705934,36.595745113309455
20566,20566,37,0.1878754317447386,43.04115688221171,36.01995555096555
20567,20567,37,0.1319415706464682,43.46835468297147,36.78410686178117
20568,20568,37,0.1435158065575668,43.00466707006347,36.24098877451911
20569,20569,37,0.1291101052089892,43.71577340924484,37.0519484359675
20570,20570,37,0.1843485186559489,43.03492691428396,36.03200927437267
20571,20571,37,0.1706382649586819,43.357105255690286,36.42848458997623
20572,20572,37,0.1835040465079289,43.61253394072789,36.61404211027646
20573,20573,37,0.1761024965046941,43.138166382800904,36.1792936205334
20574,20574,37,0.1190757890972213,43.0553968089037,36.467495328298824
20575,20575,37,0.1445093032022963,43.09722659356142,36.32701206435386
20576,20576,37,0.1643295612646497,43.82702283652603,36.93446858171916
20577,20577,37,0.1449067018601881,43.56269419730592,36.78987691129141
20578,20578,37,0.1335311652780354,43.11057652483517,36.41504242686248
20579,20579,37,0.1912533203368189,43.57693412399792,36.538517001377585
20580,20580,37,0.1830072981855641,43.56714417439717,36.57126457852856
20581,20581,37,0.1491290626002884,44.657388561752825,37.85732085683007
20582,20582,37,0.1841994941592395,43.244075837572595,36.24193785707834
20583,20583,37,0.1741155032152352,43.85105271281876,36.90307866957482
20584,20584,37,0.1008948004986716,43.28768561306682,36.854135488619455
20585,20585,37,0.1526559756890781,43.941832245480214,37.11954827684359
20586,20586,37,0.1433171072286209,43.0482768455577,36.285910863295406
20587,20587,37,0.1348227109161837,43.09722659356142,36.3926146108105
20588,20588,37,0.1388960471595747,43.81545289608878,37.0827342026137
20589,20589,37,0.195873079734811,43.75048323055657,36.68897072745101
20590,20590,37,0.1624915924719001,43.18088616287688,36.29908148493998
20591,20591,37,0.1898127502019611,43.430084879986744,36.39897510976331
20592,20592,37,0.1343756374260555,43.236955874226595,36.535476991798
20593,20593,37,0.1292591297056986,43.00466707006347,36.33975679723757
20594,20594,37,0.1924951911427307,43.01356702424597,35.96889120144935
20595,20595,37,0.1633360646199202,43.027806950937965,36.14104932136271
20596,20596,37,0.1928925898006226,43.42741489373199,36.38074417112163
20597,20597,37,0.1123200119130607,43.16308625451189,36.62976635631051
20598,20598,37,0.1942338102710074,43.07853668977818,36.02516111970776
20599,20599,37,0.1560835391133949,44.10203142076512,37.258610443241146
20600,20600,37,0.1266263635971654,43.065186758504446,36.41962511594239
20601,20601,37,0.1783378639553355,43.520864412648194,36.5498660334033
20602,20602,37,0.1863851867776444,43.93115230046122,36.91763738580708
20603,20603,37,0.1094885464755817,43.09010663021543,36.58058768589333
20604,20604,37,0.1986548703400536,43.12125646985416,36.046078768468384
20605,20605,37,0.179331360600065,43.40605500369401,36.4297126161279
20606,20606,37,0.1466453209884647,43.34197533358004,36.55784873325812
20607,20607,37,0.1260799404425642,43.354435269435534,36.71293660425346
20608,20608,37,0.1538481716627535,43.38647510449252,36.55678945836081
20609,20609,37,0.1351704347418391,44.1447512008411,37.43770907538418
20610,20610,37,0.1631870401232107,43.027806950937965,36.141921639675175
20611,20611,37,0.1853420153006784,43.64457377578488,36.636473268129635
20612,20612,37,0.1765992448270589,43.13193641487316,36.17035679151152
20613,20613,37,0.1579711827383809,43.2298359108806,36.3749580591077
20614,20614,37,0.1213608313800991,43.04738685013945,36.44168161082163
20615,20615,37,0.196816901547304,43.28768561306682,36.2215167150659
20616,20616,37,0.1410817397779795,43.721113381754336,36.97362914313808
20617,20617,37,0.1419262119259996,43.05272682264895,36.29959488423001
20618,20618,37,0.1755063985178565,43.16041626825714,36.20480109889283
20619,20619,37,0.1845968928171313,43.2298359108806,36.225620134329006
20620,20620,37,0.1984561710111077,43.0553968089037,35.98118931088409
20621,20621,37,0.1975620240308512,43.64724376203962,36.577413315779175
20622,20622,37,0.194084785774298,43.68907354669735,36.636440842318905
20623,20623,37,0.1579215079061444,43.78430305645005,36.92972506550894
20624,20624,37,0.1281662833964962,43.416734948713,36.75981092559201
20625,20625,37,0.1707376146231549,43.34108533816179,36.41190666114503
20626,20626,37,0.1036765911039142,43.15151631407465,36.692727277017156
20627,20627,37,0.1320905951431776,43.49683453635546,36.81152323444319
20628,20628,37,0.1006464263374892,43.28679561764857,36.855530858415534
20629,20629,37,0.1300539270214822,44.27380053648728,37.60312172607307
20630,20630,37,0.1614980958271706,44.25422063728579,37.3782736853458
20631,20631,37,0.1539475213272265,43.9649721263547,37.134672087230555
20632,20632,37,0.1515631293798757,43.22004596127986,36.40459431611102
20633,20633,37,0.1886702290605222,43.2262759292076,36.20099821408433
20634,20634,37,0.1776920911362613,43.82168286401653,36.85417290430822
20635,20635,37,0.1955253559091557,43.59651402319941,36.53672226253994
20636,20636,37,0.158815654886401,43.56091420646942,36.7009520967771
20637,20637,37,0.1412804391069254,43.16308625451189,36.41427031040039
20638,20638,37,0.1219072545347003,43.77896308394055,37.1690471007998
20639,20639,37,0.1774933918073154,43.41228497162175,36.44585073577337
20640,20640,37,0.1894153515440693,43.28857560848507,36.259490686898694
20641,20641,37,0.1305010005116104,43.85283270365526,37.178923588589704
20642,20642,37,0.1918494183236566,43.24585582840909,36.20442985435445
20643,20643,37,0.1659191558962168,43.49594454093721,36.59418306561851
20644,20644,37,0.1250367689655983,43.30459552601357,36.670899528764735
20645,20645,37,0.1753076991889106,43.425634902895496,36.471107877722645
20646,20646,37,0.1654224075738521,43.020686987591965,36.12179393387297
20647,20647,37,0.105862283722319,43.30014554892232,36.82197087461283
20648,20648,37,0.1544939444818277,43.388255095329015,36.554582479949374
20649,20649,37,0.1855407146296243,43.327735406888046,36.318601412627146
20650,20650,37,0.1683532226758041,43.81011292357928,36.89441045673008
20651,20651,37,0.1423732854161279,43.18444614454988,36.42833694029287
20652,20652,37,0.195028607586791,43.90178245165899,36.844453807377896
20653,20653,37,0.137256777695771,43.25297579175509,36.531474453373455
20654,20654,37,0.1390450716562841,43.54756427519568,36.81383196698992
20655,20655,37,0.1501225592450179,43.04560685930295,36.23923193179725
20656,20656,37,0.1928429149683861,43.112356515671664,36.065934947608575
20657,20657,37,0.1643792360968861,43.645463771203126,36.7526205406904
20658,20658,37,0.1782385142908625,43.00644706089997,36.03598459884686
20659,20659,37,0.197959422688743,44.25689062354054,37.18511256598548
20660,20660,37,0.1854413649651514,43.10612654774392,36.097509168657425
20661,20661,37,0.1290107555445162,43.953402185917454,37.29030139802534
20662,20662,37,0.1857890887908067,43.34909529692604,36.3386708840941
20663,20663,37,0.1830072981855641,43.39626505409326,36.40038545822465
20664,20664,37,0.1366606797089333,43.0447168638847,36.32732563890044
20665,20665,37,0.147092394478593,43.22360594295286,36.436591453735666
20666,20666,37,0.180275182412558,43.08565665312418,36.104262805872914
20667,20667,37,0.137356127360244,43.35888524652678,36.63670051241576
20668,20668,37,0.1336305149425083,43.38291512281952,36.686679815191454
20669,20669,37,0.1798281089224297,43.56803416981542,36.58903005718116
20670,20670,37,0.1919487679881295,43.88576253413049,36.84383592555712
20671,20671,37,0.1143566800347562,43.30637551685006,36.75628263733721
20672,20672,37,0.1588653297186374,43.13282641029141,36.272566010376586
20673,20673,37,0.172525908583668,43.20046606207837,36.26129436220316
20674,20674,37,0.1777914408007343,43.809222928161034,36.8411755245362
20675,20675,37,0.1992012934946548,43.07942668519644,36.00158553995205
20676,20676,37,0.178288189123099,43.463904705880225,36.49317425063701
20677,20677,37,0.1735194052283974,43.00644706089997,36.061765127919145
20678,20678,37,0.198803894836763,43.14083636905565,36.06493160332293
20679,20679,37,0.1118729384229325,43.42474490747725,36.895145199871266
20680,20680,37,0.1142573303702833,43.29658556724931,36.74730433211558
20681,20681,37,0.1688002961659324,43.3286254023063,36.410382707724274
20682,20682,37,0.1505199579029097,43.50395449970145,36.69506757067207
20683,20683,37,0.1179332679557824,43.133716405709656,36.5548375553562
20684,20684,37,0.1450557263568975,43.16397624993014,36.39018464711122
20685,20685,37,0.1776424163040248,43.53421434392194,36.566973210618045
20686,20686,37,0.1919487679881295,43.37045518696402,36.328528578390646
20687,20687,37,0.1175358692978906,43.00733705631822,36.431615784897225
20688,20688,37,0.1671113518698923,43.516414435556946,36.60780115976923
20689,20689,37,0.1439628800476951,43.45589474711598,36.6892699369329
20690,20690,37,0.1771456679816601,43.04115688221171,36.0766078517468
20691,20691,37,0.1678564743534394,43.624103881165134,36.7112312452997
20692,20692,37,0.1948795830900815,43.35532526485378,36.298736686294035
20693,20693,37,0.1077002525150686,43.115026501926415,36.62084055308124
20694,20694,37,0.1610510223370423,43.39092508158377,36.517625043181965
20695,20695,37,0.1316435216530494,43.429194884568496,36.7470774032589
20696,20696,37,0.1668133028764734,44.016591860613175,37.109687268612845
20697,20697,37,0.1902101488598529,43.61609392240089,36.58296322117132
20698,20698,37,0.1939357612775885,43.17821617662213,36.12632686542238
20699,20699,37,0.1543945948173548,43.06340676766794,36.23034652098754
20700,20700,37,0.1874283582546104,43.82346285485303,36.80456150697271
20701,20701,37,0.1422242609194185,43.80655294190629,37.05143518837388
20702,20702,37,0.1014412236532728,43.09722659356142,36.65866733603257
20703,20703,37,0.1903094985243259,43.03225692802921,35.99862160430409
20704,20704,37,0.1214105062123356,43.57159415148841,36.96550538227687
20705,20705,37,0.1037759407683871,43.58672407359866,37.12704553288154
20706,20706,37,0.150023209580545,43.09811658897967,36.29237063015434
20707,20707,37,0.1526063008568416,43.513744449302195,36.69177005088737
20708,20708,37,0.1147044038604115,43.16308625451189,36.61015783721153
20709,20709,37,0.1875773827513198,43.15062631865639,36.13095774613023
20710,20710,37,0.1551397173009019,43.194236094150625,36.356591996042525
20711,20711,37,0.1628393162975554,43.353545274017286,36.46969825474649
20712,20712,37,0.1403862921266689,43.721113381754336,36.978303949765504
20713,20713,37,0.164677285090305,43.33307537939755,36.43849999663635
20714,20714,37,0.1842988438237124,43.175546190367385,36.1728883720741
20715,20715,37,0.1935880374519332,43.90178245165899,36.85162978032921
20716,20716,37,0.1976116988630877,43.02869694635621,35.95862285082726
20717,20717,37,0.1571267105903608,43.70776345048059,36.857995206355035
20718,20718,37,0.198803894836763,43.6846235696061,36.60871880387339
20719,20719,37,0.1438138555509857,43.14617634156515,36.38053275274284
20720,20720,37,0.1015902481499822,43.11057652483517,36.67065556813946
20721,20721,37,0.1843981934881854,43.876862579948,36.873685183227515
20722,20722,37,0.1297558780280633,43.39092508158377,36.72240559209954
20723,20723,37,0.1104323682880747,43.02335697384672,36.50584056809444
20724,20724,37,0.1947305585933721,43.92136235086048,36.86551436131828
20725,20725,37,0.186037462951989,43.21203600251561,36.20032276686485
20726,20726,37,0.1188770897682754,43.206696030006114,36.620357840309225
20727,20727,37,0.1850439663072596,43.482594609663465,36.47604625653126
20728,20728,37,0.1895643760407788,43.504844495119706,36.474999795179095
20729,20729,37,0.1935383626196967,43.21470598877036,36.16480164422899
20730,20730,37,0.1674094008633111,43.077646694359935,36.16732756243168
20731,20731,37,0.1798281089224297,43.384695113656015,36.40569100102176
20732,20732,37,0.1840007948302936,43.46212471504373,36.46102718935793
20733,20733,37,0.1787352626132273,43.84037276779977,36.86723348280495
20734,20734,37,0.1756057481823294,43.32061544354205,36.36445663035076
20735,20735,37,0.1677074498567299,43.486154591336465,36.57413242105003
20736,20736,37,0.1618954944850624,43.027806950937965,36.1495128995889
20737,20737,37,0.1992012934946548,43.93204229587947,36.854201150635085
20738,20738,37,0.1483839401167413,43.19601608498712,36.400704554834455
20739,20739,37,0.1165423726531611,43.47013467380797,36.90235149024689
20740,20740,37,0.1841994941592395,44.00235193392118,37.000213953426936
20741,20741,37,0.134325962593819,43.732683322191576,37.03155316387995
20742,20742,37,0.1664655790508181,43.47636464173572,36.57145710121901
20743,20743,37,0.1177842434590729,43.56002421105117,36.98232827868792
20744,20744,37,0.173469730396161,44.01926184686792,37.07485472968173
20745,20745,37,0.195972429399284,43.736243303864576,36.67423967861724
20746,20746,37,0.181219004225051,43.444324806678736,36.45790394117636
20747,20747,37,0.134425312258292,43.501284513446706,36.79945702750681
20748,20748,37,0.1976613736953241,43.080316680614686,36.009998992403126
20749,20749,37,0.1451550760213705,43.30815550768656,36.53371487911386
20750,20750,37,0.1580208575706174,43.17732618120388,36.32214855631328
20751,20751,37,0.1635347639488661,43.27611567262958,36.388196101799664
20752,20752,37,0.1988535696689995,43.505734490537954,36.42958748191117
20753,20753,37,0.1133135085577902,43.081206676032934,36.539669373773094
20754,20754,37,0.179331360600065,43.00911704715472,36.03277465958862
20755,20755,37,0.150867681728565,43.247635819245595,36.43655595377808
20756,20756,37,0.1149031031893574,43.19245610331412,36.63791100918118
20757,20757,37,0.1954260062446828,43.266325723028835,36.207026122567974
20758,20758,37,0.1711350132810467,44.059311640689145,37.1279039273655
20759,20759,37,0.1834046968434559,43.56447418814242,36.566504280351495
20760,20760,37,0.1375548266891899,43.19601608498712,36.47246594475803
20761,20761,37,0.1839511199980571,43.09900658439793,36.09816933494967
20762,20762,37,0.1885212045638128,43.45411475627948,36.429600151373585
20763,20763,37,0.1575241092482526,43.50039451802846,36.64821857796484
20764,20764,37,0.1696944431461889,43.319725448123805,36.39642097978188
20765,20765,37,0.1977110485275606,43.11947647901766,36.04891525468165
20766,20766,37,0.1897630753697247,43.01445701966422,35.98360014094634
20767,20767,37,0.158815654886401,43.15418630032939,36.294224190637074
20768,20768,37,0.1769469686527142,43.297475562667564,36.33400533299969
20769,20769,37,0.1855407146296243,43.69085353753385,36.68171954327295
20770,20770,37,0.1051171612387719,43.824352850271275,37.35274409982902
20771,20771,37,0.1710356636165737,43.26098575051934,36.33013484562213
20772,20772,37,0.1985058458433442,43.705983459644095,36.63153332667557
20773,20773,37,0.1961711287282299,44.537239180289134,37.474254000686706
20774,20774,37,0.1887695787249952,43.57782411941616,36.552037973896574
20775,20775,37,0.1194235129228766,43.59562402778115,37.00499267846844
20776,20776,37,0.1990522689979454,43.979212053046695,36.90209663155865
20777,20777,37,0.1727246079126139,43.20402604375137,36.26374994670446
20778,20778,37,0.1354684837352579,43.005557065481725,36.29643661093247
20779,20779,37,0.1776424163040248,44.43310971635395,37.46586858305005
20780,20780,37,0.1904088481887988,43.32595541605155,36.29181571343556
20781,20781,37,0.1203673347353696,43.687293555860855,37.089290043990125
20782,20782,37,0.1942338102710074,43.736243303864576,36.682867733794154
20783,20783,37,0.1944821844321898,43.24852581466384,36.19391330515568
20784,20784,37,0.102931468620367,43.373125173218774,36.92103320075691
20785,20785,37,0.1932403136262779,43.372235177800526,36.3238220326182
20786,20786,37,0.1961711287282299,43.12481645152716,36.06183127192473
20787,20787,37,0.1077002525150686,43.06340676766794,36.56922081882277
20788,20788,37,0.1437145058865127,43.375795159473526,36.610806245626875
20789,20789,37,0.1519605280377675,43.06429676308619,36.246355342300646
20790,20790,37,0.1495264612581802,43.209366016260866,36.40677073591452
20791,20791,37,0.1837524206691112,43.103456561489175,36.10366106816335
20792,20792,37,0.1504702830706732,43.56447418814242,36.755900921059194
20793,20793,37,0.1967672267150676,43.869742616602,36.80381827703306
20794,20794,37,0.1991019438301819,43.410504980785255,36.33314759562466
20795,20795,37,0.1461982474983364,43.25831576426459,36.47708527691409
20796,20796,37,0.1644785857613591,44.62089874960459,37.727477811013244
20797,20797,37,0.16855192200475,43.01089703799122,36.09406480884041
20798,20798,37,0.1703402159652631,43.17999616745863,36.253051346494246
20799,20799,37,0.1520598777022404,43.16219625909364,36.34363334225387
20800,20800,37,0.1281166085642597,43.21737597502511,36.560816477837136
20801,20801,37,0.11078009211373,43.131046419454904,36.61059981321707
20802,20802,37,0.1194235129228766,43.153296304911144,36.56266495559842
20803,20803,37,0.1932899884585144,43.148846327819896,36.10018450180737
20804,20804,37,0.142174586087182,43.34019534274354,36.58540828836542
20805,20805,37,0.114654729028175,43.24318584215435,36.69066200590875
20806,20806,37,0.1738174542218163,43.47814463257222,36.53181533557077
20807,20807,37,0.1144063548669927,43.34820530150779,36.79770684868651
20808,20808,37,0.1135122078867361,43.10167657065267,36.558503932965856
20809,20809,37,0.1736684297251069,43.73179332677333,36.78628738401001
20810,20810,37,0.1712840377777561,43.30993549852306,36.377693134698106
20811,20811,37,0.1083957001663792,43.08387666228768,36.58369954931417
20812,20812,37,0.1602065501890223,43.09188662105193,36.2236050020783
20813,20813,37,0.1579711827383809,43.70687345506234,36.85199560328944
20814,20814,37,0.1676577750244935,43.55913421563292,36.64739568981057
20815,20815,37,0.182262175702017,43.34019534274354,36.348246436136435
20816,20816,37,0.1424726350806008,43.18088616287688,36.42411652967818
20817,20817,37,0.1576731337449621,43.30014554892232,36.44706817975072
20818,20818,37,0.1860871377842256,43.47458465089922,36.462613841808434
20819,20819,37,0.1946312089288992,43.88932251580349,36.83396854337913
20820,20820,37,0.1926442156394402,43.388255095329015,36.34283073924009
20821,20821,37,0.161746469988353,43.16130626367539,36.283891746309315
20822,20822,37,0.1654720824060886,43.02157698301021,36.12239672733974
20823,20823,37,0.1661675300573992,43.09722659356142,36.1940338974928
